TAZ_SR13,MSA
13,4
14,5
15,4
16,4
17,5
18,5
19,5
20,5
21,5
22,5
23,5
24,6
25,6
26,6
27,6
28,6
29,6
30,5
31,6
32,5
33,5
34,5
35,5
36,5
37,5
38,5
39,5
40,5
41,5
42,5
43,4
44,5
45,5
46,5
47,5
48,5
49,5
50,5
51,5
52,5
53,5
54,5
55,5
56,5
57,5
58,5
59,5
60,5
61,5
62,5
63,5
64,5
65,5
66,5
67,5
68,5
69,5
70,5
71,5
72,5
73,5
74,5
75,5
76,5
77,5
78,5
79,5
80,5
81,5
82,5
83,5
84,5
85,5
86,5
87,5
88,5
89,5
90,5
91,5
92,5
93,5
94,5
95,5
96,5
97,5
98,5
99,5
100,5
101,6
102,5
103,5
104,5
105,5
106,5
107,5
108,5
109,5
110,5
111,5
112,5
113,5
114,5
115,5
116,5
117,5
118,5
119,5
120,6
121,5
122,5
123,5
124,5
125,5
126,5
127,5
128,5
129,5
130,5
131,5
132,5
133,5
134,5
135,5
136,5
137,5
138,5
139,5
140,5
141,5
142,5
143,4
144,5
145,5
146,5
147,5
148,5
149,5
150,5
151,5
152,5
153,5
154,6
155,5
156,5
157,5
158,5
159,5
160,5
161,6
162,5
163,6
164,5
165,5
166,5
167,5
168,6
169,5
170,5
171,5
172,4
173,5
174,5
175,5
176,5
177,5
178,5
179,5
180,5
181,5
182,4
183,5
184,5
185,5
186,5
187,5
188,5
189,5
190,5
191,6
192,5
193,6
194,6
195,6
196,5
197,5
198,4
199,5
200,5
201,4
202,5
203,4
204,5
205,5
206,5
207,5
208,5
209,5
210,5
211,6
212,5
213,5
214,5
215,5
216,5
217,5
218,5
219,5
220,4
221,5
222,5
223,5
224,5
225,5
226,5
227,5
228,5
229,5
230,6
231,6
232,5
233,4
234,5
235,5
236,5
237,5
238,5
239,4
240,5
241,5
242,4
243,5
244,5
245,5
246,5
247,6
248,6
249,5
250,6
251,6
252,6
253,6
254,6
255,5
256,4
257,5
258,5
259,5
260,4
261,4
262,6
263,4
264,5
265,4
266,4
267,5
268,4
269,4
270,4
271,5
272,4
273,6
274,5
275,4
276,4
277,5
278,5
279,4
280,4
281,5
282,5
283,5
284,6
285,5
286,6
287,6
288,5
289,6
290,6
291,5
292,6
293,6
294,6
295,6
296,4
297,4
298,5
299,5
300,5
301,5
302,4
303,4
304,6
305,4
306,4
307,4
308,6
309,4
310,4
311,4
312,4
313,4
314,6
315,5
316,4
317,5
318,5
319,5
320,4
321,4
322,4
323,5
324,6
325,5
326,5
327,5
328,4
329,5
330,4
331,5
332,5
333,4
334,4
335,4
336,4
337,6
338,4
339,4
340,4
341,4
342,5
343,4
344,4
345,5
346,4
347,5
348,5
349,4
350,4
351,4
352,5
353,5
354,5
355,5
356,5
357,5
358,5
359,4
360,5
361,4
362,5
363,6
364,4
365,4
366,4
367,4
368,4
369,4
370,5
371,5
372,5
373,4
374,5
375,5
376,5
377,4
378,4
379,5
380,5
381,4
382,4
383,6
384,5
385,4
386,5
387,5
388,5
389,5
390,5
391,5
392,4
393,5
394,5
395,4
396,4
397,4
398,5
399,4
400,4
401,5
402,6
403,4
404,6
405,4
406,4
407,5
408,5
409,5
410,4
411,4
412,4
413,4
414,4
415,5
416,5
417,5
418,5
419,5
420,6
421,4
422,4
423,5
424,4
425,4
426,5
427,5
428,4
429,4
430,5
431,5
432,5
433,5
434,4
435,4
436,5
437,4
438,5
439,5
440,5
441,5
442,6
443,4
444,4
445,4
446,4
447,5
448,5
449,4
450,5
451,4
452,4
453,4
454,5
455,5
456,5
457,4
458,4
459,4
460,5
461,5
462,5
463,4
464,4
465,5
466,4
467,5
468,5
469,5
470,5
471,5
472,5
473,5
474,4
475,6
476,5
477,5
478,5
479,5
480,5
481,5
482,4
483,5
484,4
485,5
486,5
487,5
488,5
489,5
490,5
491,5
492,5
493,4
494,4
495,4
496,4
497,4
498,5
499,4
500,5
501,4
502,4
503,5
504,4
505,4
506,5
507,5
508,5
509,5
510,5
511,5
512,6
513,4
514,4
515,5
516,5
517,5
518,5
519,4
520,4
521,4
522,6
523,5
524,4
525,5
526,4
527,5
528,5
529,4
530,5
531,4
532,5
533,4
534,5
535,4
536,5
537,5
538,5
539,4
540,5
541,5
542,4
543,4
544,4
545,4
546,4
547,5
548,4
549,4
550,5
551,6
552,4
553,4
554,4
555,4
556,5
557,5
558,5
559,5
560,5
561,4
562,4
563,4
564,6
565,5
566,4
567,5
568,6
569,4
570,5
571,4
572,4
573,4
574,4
575,4
576,5
577,4
578,5
579,5
580,4
581,4
582,5
583,5
584,4
585,4
586,5
587,5
588,4
589,4
590,5
591,5
592,4
593,5
594,4
595,5
596,5
597,5
598,4
599,5
600,5
601,4
602,5
603,4
604,5
605,4
606,4
607,4
608,4
609,4
610,5
611,5
612,4
613,5
614,5
615,4
616,6
617,4
618,4
619,5
620,4
621,4
622,4
623,5
624,5
625,5
626,4
627,5
628,5
629,5
630,4
631,4
632,4
633,5
634,4
635,4
636,4
637,5
638,5
639,4
640,4
641,4
642,5
643,4
644,5
645,5
646,4
647,5
648,4
649,5
650,5
651,5
652,5
653,5
654,4
655,5
656,5
657,4
658,4
659,4
660,4
661,4
662,5
663,5
664,4
665,5
666,5
667,5
668,4
669,5
670,4
671,5
672,5
673,5
674,4
675,4
676,4
677,5
678,5
679,5
680,4
681,4
682,5
683,4
684,4
685,4
686,4
687,4
688,5
689,4
690,4
691,4
692,4
693,4
694,4
695,4
696,4
697,5
698,4
699,4
700,5
701,5
702,4
703,5
704,5
705,4
706,4
707,4
708,5
709,4
710,5
711,5
712,4
713,5
714,5
715,5
716,5
717,4
718,4
719,5
720,5
721,4
722,5
723,6
724,4
725,4
726,4
727,5
728,5
729,5
730,4
731,4
732,5
733,4
734,5
735,5
736,4
737,4
738,6
739,4
740,4
741,5
742,4
743,4
744,4
745,5
746,5
747,4
748,5
749,4
750,5
751,4
752,5
753,5
754,5
755,4
756,5
757,5
758,5
759,5
760,5
761,4
762,5
763,5
764,5
765,4
766,4
767,5
768,5
769,4
770,5
771,5
772,4
773,4
774,5
775,5
776,5
777,5
778,5
779,5
780,5
781,4
782,4
783,4
784,5
785,4
786,4
787,5
788,5
789,4
790,4
791,4
792,4
793,4
794,5
795,4
796,5
797,5
798,4
799,5
800,5
801,5
802,5
803,5
804,4
805,5
806,5
807,5
808,4
809,4
810,6
811,6
812,5
813,4
814,4
815,4
816,5
817,4
818,4
819,5
820,5
821,5
822,5
823,4
824,5
825,5
826,5
827,5
828,4
829,4
830,5
831,4
832,5
833,5
834,5
835,4
836,4
837,5
838,5
839,4
840,5
841,4
842,5
843,4
844,5
845,5
846,5
847,5
848,5
849,4
850,5
851,5
852,5
853,5
854,4
855,4
856,4
857,5
858,4
859,4
860,4
861,5
862,5
863,5
864,5
865,5
866,5
867,5
868,5
869,5
870,5
871,5
872,4
873,4
874,5
875,5
876,5
877,5
878,5
879,5
880,4
881,5
882,4
883,4
884,4
885,5
886,5
887,4
888,5
889,5
890,5
891,5
892,5
893,4
894,5
895,4
896,5
897,5
898,5
899,5
900,4
901,5
902,5
903,5
904,4
905,5
906,5
907,5
908,5
909,5
910,5
911,5
912,5
913,5
914,5
915,5
916,4
917,5
918,5
919,5
920,4
921,5
922,5
923,5
924,5
925,5
926,5
927,4
928,4
929,5
930,5
931,5
932,5
933,5
934,5
935,5
936,5
937,5
938,4
939,4
940,5
941,5
942,5
943,5
944,4
945,5
946,4
947,5
948,5
949,5
950,5
951,4
952,5
953,5
954,5
955,5
956,4
957,4
958,5
959,5
960,5
961,4
962,5
963,5
964,5
965,5
966,5
967,5
968,5
969,4
970,4
971,5
972,5
973,5
974,5
975,5
976,5
977,5
978,5
979,5
980,5
981,5
982,5
983,4
984,5
985,4
986,5
987,5
988,5
989,5
990,5
991,5
992,5
993,5
994,4
995,5
996,5
997,5
998,4
999,5
1000,5
1001,5
1002,4
1003,5
1004,5
1005,5
1006,5
1007,5
1008,5
1009,5
1010,5
1011,5
1012,4
1013,5
1014,5
1015,5
1016,4
1017,5
1018,5
1019,5
1020,5
1021,5
1022,5
1023,5
1024,5
1025,5
1026,5
1027,5
1028,5
1029,5
1030,5
1031,5
1032,4
1033,5
1034,5
1035,5
1036,5
1037,5
1038,5
1039,4
1040,4
1041,5
1042,5
1043,5
1044,4
1045,4
1046,4
1047,5
1048,5
1049,4
1050,4
1051,4
1052,5
1053,5
1054,5
1055,4
1056,5
1057,4
1058,5
1059,5
1060,5
1061,5
1062,5
1063,5
1064,5
1065,5
1066,5
1067,5
1068,4
1069,5
1070,4
1071,5
1072,5
1073,4
1074,5
1075,5
1076,5
1077,5
1078,5
1079,5
1080,4
1081,5
1082,5
1083,5
1084,5
1085,5
1086,5
1087,6
1088,4
1089,5
1090,4
1091,5
1092,5
1093,5
1094,5
1095,5
1096,4
1097,4
1098,5
1099,4
1100,4
1101,5
1102,5
1103,5
1104,5
1105,4
1106,4
1107,5
1108,5
1109,4
1110,5
1111,4
1112,5
1113,5
1114,5
1115,5
1116,5
1117,5
1118,5
1119,4
1120,4
1121,5
1122,5
1123,5
1124,4
1125,5
1126,5
1127,5
1128,5
1129,5
1130,5
1131,5
1132,4
1133,5
1134,5
1135,5
1136,5
1137,5
1138,4
1139,5
1140,5
1141,5
1142,5
1143,5
1144,4
1145,5
1146,5
1147,4
1148,5
1149,5
1150,4
1151,5
1152,5
1153,5
1154,5
1155,4
1156,5
1157,5
1158,5
1159,5
1160,4
1161,4
1162,5
1163,5
1164,5
1165,5
1166,5
1167,5
1168,5
1169,5
1170,4
1171,5
1172,5
1173,4
1174,5
1175,5
1176,5
1177,5
1178,5
1179,5
1180,3
1181,5
1182,4
1183,5
1184,5
1185,4
1186,4
1187,5
1188,4
1189,5
1190,5
1191,4
1192,5
1193,5
1194,5
1195,5
1196,5
1197,5
1198,5
1199,6
1200,5
1201,4
1202,5
1203,5
1204,3
1205,4
1206,5
1207,4
1208,5
1209,4
1210,5
1211,5
1212,4
1213,5
1214,5
1215,5
1216,4
1217,6
1218,6
1219,6
1220,5
1221,5
1222,5
1223,5
1224,5
1225,5
1226,5
1227,4
1228,5
1229,5
1230,5
1231,5
1232,5
1233,4
1234,4
1235,5
1236,4
1237,5
1238,5
1239,5
1240,5
1241,5
1242,5
1243,5
1244,5
1245,4
1246,5
1247,5
1248,5
1249,5
1250,4
1251,5
1252,5
1253,5
1254,4
1255,4
1256,4
1257,5
1258,4
1259,5
1260,4
1261,5
1262,5
1263,5
1264,5
1265,5
1266,4
1267,5
1268,5
1269,5
1270,5
1271,5
1272,5
1273,5
1274,5
1275,5
1276,4
1277,5
1278,5
1279,4
1280,4
1281,5
1282,4
1283,4
1284,4
1285,5
1286,4
1287,5
1288,5
1289,5
1290,4
1291,5
1292,5
1293,5
1294,5
1295,5
1296,5
1297,5
1298,5
1299,5
1300,5
1301,5
1302,5
1303,5
1304,5
1305,5
1306,5
1307,5
1308,4
1309,5
1310,4
1311,5
1312,4
1313,5
1314,4
1315,6
1316,5
1317,4
1318,5
1319,5
1320,4
1321,5
1322,5
1323,4
1324,4
1325,4
1326,4
1327,5
1328,5
1329,5
1330,5
1331,5
1332,4
1333,5
1334,4
1335,5
1336,4
1337,5
1338,4
1339,5
1340,6
1341,4
1342,5
1343,5
1344,3
1345,4
1346,4
1347,5
1348,5
1349,4
1350,5
1351,4
1352,5
1353,5
1354,4
1355,5
1356,5
1357,5
1358,5
1359,4
1360,4
1361,4
1362,4
1363,4
1364,4
1365,5
1366,5
1367,4
1368,5
1369,5
1370,6
1371,5
1372,5
1373,5
1374,3
1375,3
1376,5
1377,3
1378,5
1379,5
1380,6
1381,5
1382,4
1383,5
1384,4
1385,5
1386,5
1387,5
1388,4
1389,5
1390,4
1391,4
1392,4
1393,4
1394,5
1395,4
1396,4
1397,4
1398,4
1399,6
1400,4
1401,4
1402,5
1403,5
1404,4
1405,4
1406,5
1407,5
1408,3
1409,5
1410,4
1411,3
1412,3
1413,5
1414,5
1415,4
1416,6
1417,5
1418,5
1419,1
1420,3
1421,4
1422,5
1423,4
1424,4
1425,6
1426,4
1427,5
1428,4
1429,4
1430,6
1431,4
1432,6
1433,6
1434,4
1435,5
1436,5
1437,6
1438,4
1439,4
1440,5
1441,5
1442,3
1443,5
1444,5
1445,4
1446,5
1447,4
1448,4
1449,4
1450,4
1451,4
1452,4
1453,4
1454,5
1455,3
1456,4
1457,4
1458,1
1459,5
1460,3
1461,3
1462,1
1463,4
1464,4
1465,4
1466,4
1467,4
1468,4
1469,4
1470,4
1471,3
1472,1
1473,4
1474,4
1475,3
1476,4
1477,4
1478,4
1479,4
1480,1
1481,6
1482,4
1483,4
1484,4
1485,3
1486,4
1487,3
1488,4
1489,4
1490,4
1491,4
1492,4
1493,4
1494,4
1495,4
1496,4
1497,1
1498,4
1499,3
1500,3
1501,4
1502,1
1503,4
1504,1
1505,4
1506,4
1507,4
1508,4
1509,4
1510,4
1511,4
1512,4
1513,4
1514,1
1515,1
1516,4
1517,4
1518,4
1519,4
1520,4
1521,4
1522,4
1523,4
1524,4
1525,4
1526,1
1527,4
1528,4
1529,3
1530,3
1531,4
1532,3
1533,4
1534,4
1535,4
1536,4
1537,4
1538,4
1539,4
1540,3
1541,3
1542,3
1543,3
1544,4
1545,3
1546,4
1547,4
1548,4
1549,4
1550,4
1551,4
1552,1
1553,4
1554,1
1555,3
1556,4
1557,4
1558,4
1559,3
1560,3
1561,1
1562,4
1563,4
1564,4
1565,4
1566,4
1567,3
1568,3
1569,4
1570,4
1571,4
1572,1
1573,4
1574,4
1575,4
1576,1
1577,1
1578,3
1579,4
1580,4
1581,1
1582,3
1583,1
1584,3
1585,1
1586,3
1587,4
1588,4
1589,3
1590,1
1591,4
1592,4
1593,4
1594,4
1595,4
1596,3
1597,4
1598,4
1599,1
1600,1
1601,1
1602,3
1603,4
1604,4
1605,4
1606,3
1607,3
1608,3
1609,3
1610,3
1611,1
1612,4
1613,4
1614,3
1615,4
1616,4
1617,4
1618,4
1619,4
1620,3
1621,1
1622,3
1623,3
1624,4
1625,1
1626,3
1627,1
1628,3
1629,3
1630,4
1631,1
1632,1
1633,4
1634,3
1635,4
1636,3
1637,3
1638,3
1639,1
1640,1
1641,3
1642,4
1643,1
1644,3
1645,1
1646,1
1647,4
1648,4
1649,3
1650,1
1651,1
1652,4
1653,4
1654,1
1655,3
1656,3
1657,3
1658,4
1659,4
1660,3
1661,4
1662,3
1663,4
1664,4
1665,4
1666,6
1667,6
1668,4
1669,4
1670,3
1671,1
1672,3
1673,3
1674,1
1675,3
1676,3
1677,4
1678,1
1679,4
1680,1
1681,1
1682,4
1683,1
1684,1
1685,1
1686,1
1687,1
1688,1
1689,1
1690,3
1691,1
1692,1
1693,1
1694,4
1695,1
1696,3
1697,3
1698,4
1699,1
1700,4
1701,3
1702,1
1703,4
1704,1
1705,6
1706,1
1707,1
1708,1
1709,3
1710,4
1711,1
1712,1
1713,4
1714,3
1715,4
1716,1
1717,1
1718,1
1719,1
1720,1
1721,1
1722,3
1723,1
1724,3
1725,3
1726,1
1727,3
1728,1
1729,1
1730,4
1731,1
1732,3
1733,1
1734,4
1735,4
1736,3
1737,1
1738,1
1739,4
1740,1
1741,1
1742,1
1743,4
1744,1
1745,3
1746,4
1747,4
1748,1
1749,1
1750,3
1751,1
1752,1
1753,3
1754,4
1755,1
1756,1
1757,1
1758,4
1759,3
1760,1
1761,3
1762,1
1763,1
1764,4
1765,4
1766,1
1767,1
1768,3
1769,4
1770,4
1771,4
1772,4
1773,4
1774,1
1775,1
1776,4
1777,4
1778,1
1779,4
1780,1
1781,1
1782,1
1783,4
1784,1
1785,4
1786,1
1787,1
1788,4
1789,4
1790,3
1791,3
1792,1
1793,4
1794,1
1795,4
1796,1
1797,4
1798,1
1799,1
1800,4
1801,1
1802,4
1803,4
1804,1
1805,1
1806,4
1807,1
1808,1
1809,1
1810,1
1811,1
1812,1
1813,1
1814,1
1815,1
1816,1
1817,1
1818,1
1819,1
1820,1
1821,6
1822,1
1823,1
1824,1
1825,1
1826,1
1827,1
1828,1
1829,1
1830,1
1831,1
1832,1
1833,1
1834,1
1835,1
1836,3
1837,1
1838,6
1839,1
1840,1
1841,1
1842,1
1843,1
1844,1
1845,1
1846,1
1847,1
1848,1
1849,1
1850,1
1851,1
1852,1
1853,1
1854,1
1855,1
1856,1
1857,1
1858,1
1859,1
1860,1
1861,1
1862,1
1863,1
1864,1
1865,1
1866,1
1867,1
1868,3
1869,1
1870,1
1871,1
1872,1
1873,1
1874,1
1875,1
1876,1
1877,1
1878,1
1879,1
1880,1
1881,1
1882,1
1883,1
1884,1
1885,1
1886,1
1887,1
1888,1
1889,1
1890,1
1891,3
1892,3
1893,1
1894,1
1895,1
1896,1
1897,1
1898,1
1899,6
1900,1
1901,1
1902,1
1903,1
1904,1
1905,1
1906,1
1907,1
1908,1
1909,1
1910,1
1911,1
1912,1
1913,1
1914,1
1915,1
1916,1
1917,1
1918,1
1919,1
1920,1
1921,1
1922,1
1923,1
1924,1
1925,1
1926,1
1927,1
1928,1
1929,1
1930,1
1931,1
1932,1
1933,1
1934,1
1935,3
1936,1
1937,1
1938,1
1939,1
1940,1
1941,1
1942,1
1943,1
1944,1
1945,1
1946,1
1947,1
1948,1
1949,1
1950,1
1951,1
1952,1
1953,1
1954,1
1955,1
1956,1
1957,1
1958,1
1959,1
1960,1
1961,1
1962,1
1963,1
1964,1
1965,1
1966,1
1967,1
1968,1
1969,1
1970,1
1971,1
1972,1
1973,1
1974,1
1975,1
1976,1
1977,1
1978,1
1979,1
1980,3
1981,1
1982,1
1983,1
1984,1
1985,1
1986,1
1987,1
1988,6
1989,1
1990,3
1991,1
1992,1
1993,1
1994,1
1995,1
1996,1
1997,1
1998,1
1999,1
2000,1
2001,1
2002,1
2003,1
2004,1
2005,1
2006,1
2007,1
2008,1
2009,1
2010,1
2011,1
2012,1
2013,1
2014,1
2015,1
2016,1
2017,1
2018,1
2019,1
2020,1
2021,1
2022,1
2023,1
2024,1
2025,1
2026,1
2027,1
2028,1
2029,1
2030,1
2031,1
2032,1
2033,1
2034,1
2035,3
2036,1
2037,6
2038,1
2039,1
2040,1
2041,1
2042,1
2043,1
2044,1
2045,1
2046,1
2047,1
2048,1
2049,1
2050,1
2051,1
2052,1
2053,1
2054,1
2055,1
2056,1
2057,1
2058,1
2059,1
2060,1
2061,1
2062,1
2063,1
2064,1
2065,1
2066,1
2067,1
2068,1
2069,1
2070,1
2071,1
2072,1
2073,1
2074,1
2075,1
2076,1
2077,1
2078,1
2079,1
2080,1
2081,1
2082,1
2083,1
2084,1
2085,1
2086,1
2087,1
2088,1
2089,6
2090,1
2091,1
2092,1
2093,6
2094,1
2095,1
2096,1
2097,1
2098,1
2099,1
2100,1
2101,6
2102,1
2103,1
2104,1
2105,1
2106,1
2107,1
2108,1
2109,3
2110,1
2111,1
2112,1
2113,1
2114,1
2115,1
2116,1
2117,1
2118,1
2119,1
2120,1
2121,1
2122,1
2123,1
2124,3
2125,1
2126,1
2127,1
2128,1
2129,1
2130,1
2131,1
2132,1
2133,1
2134,1
2135,1
2136,1
2137,1
2138,1
2139,3
2140,1
2141,3
2142,1
2143,1
2144,1
2145,1
2146,3
2147,1
2148,1
2149,1
2150,1
2151,1
2152,1
2153,1
2154,3
2155,1
2156,1
2157,1
2158,3
2159,1
2160,1
2161,1
2162,1
2163,1
2164,1
2165,6
2166,1
2167,1
2168,1
2169,3
2170,1
2171,1
2172,1
2173,1
2174,1
2175,1
2176,1
2177,1
2178,1
2179,1
2180,1
2181,1
2182,1
2183,1
2184,3
2185,1
2186,1
2187,3
2188,1
2189,1
2190,1
2191,1
2192,3
2193,1
2194,1
2195,1
2196,1
2197,1
2198,1
2199,1
2200,1
2201,1
2202,1
2203,3
2204,1
2205,3
2206,1
2207,1
2208,1
2209,1
2210,1
2211,1
2212,1
2213,1
2214,3
2215,1
2216,1
2217,6
2218,1
2219,3
2220,1
2221,3
2222,1
2223,3
2224,1
2225,1
2226,3
2227,1
2228,1
2229,3
2230,3
2231,1
2232,6
2233,1
2234,1
2235,3
2236,1
2237,3
2238,3
2239,1
2240,1
2241,1
2242,1
2243,3
2244,3
2245,3
2246,1
2247,1
2248,1
2249,1
2250,1
2251,3
2252,1
2253,1
2254,1
2255,3
2256,3
2257,1
2258,1
2259,3
2260,1
2261,3
2262,3
2263,3
2264,1
2265,1
2266,1
2267,3
2268,1
2269,1
2270,1
2271,1
2272,1
2273,3
2274,6
2275,1
2276,3
2277,3
2278,3
2279,1
2280,1
2281,3
2282,1
2283,1
2284,1
2285,1
2286,1
2287,3
2288,3
2289,1
2290,3
2291,1
2292,1
2293,3
2294,3
2295,3
2296,1
2297,3
2298,3
2299,3
2300,1
2301,3
2302,1
2303,1
2304,6
2305,1
2306,3
2307,3
2308,1
2309,3
2310,3
2311,1
2312,6
2313,3
2314,3
2315,1
2316,3
2317,3
2318,3
2319,1
2320,3
2321,3
2322,3
2323,3
2324,3
2325,3
2326,6
2327,3
2328,1
2329,1
2330,3
2331,1
2332,3
2333,3
2334,3
2335,3
2336,3
2337,3
2338,3
2339,3
2340,3
2341,1
2342,1
2343,3
2344,3
2345,3
2346,3
2347,3
2348,3
2349,3
2350,3
2351,3
2352,3
2353,3
2354,1
2355,3
2356,1
2357,1
2358,3
2359,3
2360,3
2361,3
2362,3
2363,1
2364,1
2365,3
2366,3
2367,3
2368,3
2369,3
2370,3
2371,3
2372,6
2373,3
2374,1
2375,3
2376,3
2377,3
2378,3
2379,1
2380,1
2381,3
2382,1
2383,1
2384,3
2385,3
2386,1
2387,1
2388,1
2389,1
2390,3
2391,3
2392,1
2393,1
2394,3
2395,1
2396,3
2397,1
2398,3
2399,3
2400,3
2401,1
2402,3
2403,6
2404,3
2405,3
2406,1
2407,1
2408,1
2409,3
2410,3
2411,1
2412,1
2413,3
2414,3
2415,3
2416,1
2417,3
2418,1
2419,3
2420,3
2421,1
2422,1
2423,1
2424,1
2425,1
2426,3
2427,1
2428,3
2429,3
2430,1
2431,3
2432,3
2433,3
2434,3
2435,1
2436,1
2437,3
2438,1
2439,3
2440,1
2441,3
2442,3
2443,3
2444,3
2445,1
2446,1
2447,3
2448,3
2449,3
2450,3
2451,3
2452,3
2453,3
2454,3
2455,1
2456,1
2457,3
2458,1
2459,3
2460,1
2461,3
2462,3
2463,1
2464,3
2465,1
2466,1
2467,1
2468,3
2469,3
2470,3
2471,1
2472,3
2473,1
2474,3
2475,1
2476,1
2477,3
2478,1
2479,1
2480,3
2481,1
2482,1
2483,3
2484,3
2485,1
2486,1
2487,1
2488,3
2489,3
2490,3
2491,3
2492,3
2493,3
2494,3
2495,1
2496,3
2497,1
2498,3
2499,3
2500,3
2501,3
2502,3
2503,1
2504,1
2505,3
2506,6
2507,3
2508,1
2509,1
2510,1
2511,6
2512,1
2513,1
2514,3
2515,3
2516,3
2517,3
2518,3
2519,3
2520,3
2521,1
2522,3
2523,1
2524,1
2525,3
2526,1
2527,3
2528,1
2529,1
2530,1
2531,1
2532,1
2533,1
2534,1
2535,1
2536,1
2537,1
2538,1
2539,3
2540,1
2541,1
2542,3
2543,1
2544,1
2545,1
2546,1
2547,1
2548,3
2549,1
2550,1
2551,3
2552,3
2553,3
2554,1
2555,3
2556,3
2557,3
2558,1
2559,1
2560,3
2561,3
2562,1
2563,1
2564,1
2565,3
2566,3
2567,1
2568,3
2569,3
2570,1
2571,3
2572,3
2573,1
2574,1
2575,1
2576,1
2577,1
2578,1
2579,3
2580,3
2581,3
2582,1
2583,3
2584,1
2585,1
2586,3
2587,1
2588,1
2589,1
2590,1
2591,1
2592,1
2593,1
2594,1
2595,1
2596,3
2597,1
2598,1
2599,3
2600,6
2601,3
2602,3
2603,3
2604,3
2605,6
2606,3
2607,3
2608,1
2609,1
2610,1
2611,3
2612,3
2613,3
2614,1
2615,1
2616,3
2617,3
2618,1
2619,3
2620,3
2621,1
2622,1
2623,1
2624,3
2625,1
2626,1
2627,1
2628,1
2629,1
2630,1
2631,3
2632,3
2633,1
2634,1
2635,3
2636,1
2637,1
2638,1
2639,1
2640,1
2641,1
2642,1
2643,3
2644,1
2645,3
2646,1
2647,1
2648,1
2649,3
2650,1
2651,1
2652,1
2653,3
2654,3
2655,1
2656,1
2657,3
2658,1
2659,1
2660,3
2661,1
2662,3
2663,1
2664,1
2665,3
2666,1
2667,1
2668,3
2669,1
2670,3
2671,1
2672,6
2673,3
2674,1
2675,3
2676,3
2677,1
2678,3
2679,3
2680,3
2681,1
2682,1
2683,1
2684,1
2685,1
2686,1
2687,1
2688,1
2689,3
2690,1
2691,3
2692,1
2693,3
2694,3
2695,1
2696,1
2697,3
2698,1
2699,3
2700,1
2701,3
2702,3
2703,3
2704,3
2705,1
2706,1
2707,3
2708,1
2709,1
2710,3
2711,3
2712,3
2713,3
2714,3
2715,3
2716,1
2717,3
2718,3
2719,1
2720,1
2721,3
2722,1
2723,3
2724,3
2725,1
2726,1
2727,1
2728,1
2729,3
2730,1
2731,3
2732,1
2733,1
2734,1
2735,1
2736,1
2737,1
2738,3
2739,1
2740,3
2741,1
2742,3
2743,6
2744,1
2745,1
2746,1
2747,3
2748,3
2749,3
2750,3
2751,3
2752,1
2753,1
2754,1
2755,1
2756,3
2757,1
2758,1
2759,1
2760,3
2761,3
2762,3
2763,1
2764,3
2765,1
2766,3
2767,1
2768,1
2769,1
2770,1
2771,1
2772,1
2773,1
2774,1
2775,3
2776,3
2777,1
2778,3
2779,1
2780,1
2781,1
2782,1
2783,3
2784,3
2785,1
2786,1
2787,1
2788,1
2789,3
2790,1
2791,1
2792,3
2793,1
2794,1
2795,1
2796,1
2797,1
2798,1
2799,1
2800,1
2801,3
2802,3
2803,3
2804,3
2805,3
2806,3
2807,3
2808,3
2809,3
2810,3
2811,3
2812,3
2813,3
2814,1
2815,1
2816,1
2817,1
2818,3
2819,1
2820,1
2821,3
2822,1
2823,1
2824,1
2825,1
2826,1
2827,1
2828,3
2829,1
2830,1
2831,3
2832,1
2833,1
2834,6
2835,6
2836,1
2837,1
2838,1
2839,1
2840,1
2841,1
2842,1
2843,1
2844,1
2845,1
2846,1
2847,1
2848,1
2849,1
2850,1
2851,1
2852,1
2853,1
2854,1
2855,3
2856,1
2857,1
2858,1
2859,3
2860,3
2861,3
2862,3
2863,3
2864,3
2865,3
2866,3
2867,3
2868,1
2869,1
2870,3
2871,1
2872,3
2873,1
2874,1
2875,3
2876,3
2877,1
2878,1
2879,1
2880,1
2881,1
2882,3
2883,1
2884,1
2885,1
2886,1
2887,1
2888,1
2889,6
2890,1
2891,1
2892,3
2893,1
2894,3
2895,1
2896,1
2897,1
2898,1
2899,1
2900,3
2901,3
2902,3
2903,1
2904,3
2905,3
2906,3
2907,1
2908,1
2909,1
2910,1
2911,1
2912,1
2913,1
2914,3
2915,1
2916,1
2917,1
2918,1
2919,3
2920,1
2921,3
2922,1
2923,1
2924,1
2925,1
2926,1
2927,3
2928,3
2929,1
2930,1
2931,1
2932,1
2933,3
2934,3
2935,1
2936,1
2937,1
2938,1
2939,1
2940,1
2941,1
2942,1
2943,3
2944,1
2945,3
2946,3
2947,3
2948,1
2949,1
2950,3
2951,1
2952,1
2953,3
2954,1
2955,1
2956,3
2957,3
2958,3
2959,3
2960,1
2961,3
2962,3
2963,3
2964,3
2965,3
2966,3
2967,3
2968,3
2969,3
2970,3
2971,3
2972,3
2973,1
2974,1
2975,1
2976,1
2977,1
2978,1
2979,1
2980,1
2981,1
2982,1
2983,1
2984,1
2985,3
2986,3
2987,3
2988,1
2989,1
2990,1
2991,1
2992,3
2993,3
2994,3
2995,3
2996,3
2997,3
2998,1
2999,1
3000,3
3001,3
3002,1
3003,3
3004,3
3005,3
3006,1
3007,1
3008,1
3009,1
3010,3
3011,1
3012,3
3013,3
3014,1
3015,1
3016,1
3017,3
3018,1
3019,3
3020,1
3021,3
3022,1
3023,1
3024,1
3025,3
3026,3
3027,1
3028,3
3029,3
3030,3
3031,3
3032,3
3033,3
3034,3
3035,3
3036,3
3037,3
3038,3
3039,3
3040,1
3041,3
3042,3
3043,3
3044,3
3045,1
3046,1
3047,3
3048,3
3049,3
3050,3
3051,1
3052,1
3053,3
3054,3
3055,1
3056,1
3057,1
3058,1
3059,1
3060,3
3061,3
3062,1
3063,1
3064,1
3065,3
3066,1
3067,3
3068,3
3069,3
3070,1
3071,1
3072,1
3073,1
3074,3
3075,3
3076,1
3077,1
3078,3
3079,1
3080,1
3081,3
3082,3
3083,3
3084,3
3085,1
3086,1
3087,3
3088,3
3089,1
3090,1
3091,1
3092,3
3093,0
3094,1
3095,3
3096,1
3097,3
3098,0
3099,1
3100,3
3101,3
3102,3
3103,1
3104,1
3105,3
3106,3
3107,3
3108,3
3109,1
3110,3
3111,0
3112,0
3113,3
3114,3
3115,0
3116,3
3117,3
3118,1
3119,3
3120,1
3121,1
3122,1
3123,3
3124,3
3125,3
3126,1
3127,1
3128,3
3129,0
3130,1
3131,0
3132,0
3133,0
3134,0
3135,0
3136,3
3137,1
3138,3
3139,3
3140,3
3141,3
3142,0
3143,3
3144,1
3145,0
3146,3
3147,1
3148,0
3149,1
3150,1
3151,1
3152,3
3153,1
3154,3
3155,3
3156,1
3157,3
3158,3
3159,0
3160,1
3161,3
3162,3
3163,3
3164,3
3165,3
3166,1
3167,1
3168,3
3169,1
3170,3
3171,1
3172,1
3173,1
3174,1
3175,3
3176,0
3177,3
3178,3
3179,3
3180,3
3181,1
3182,3
3183,1
3184,0
3185,3
3186,3
3187,1
3188,3
3189,3
3190,1
3191,3
3192,3
3193,1
3194,3
3195,0
3196,1
3197,3
3198,1
3199,0
3200,0
3201,1
3202,0
3203,3
3204,3
3205,0
3206,0
3207,3
3208,0
3209,3
3210,1
3211,1
3212,1
3213,3
3214,3
3215,0
3216,3
3217,1
3218,3
3219,0
3220,1
3221,1
3222,3
3223,1
3224,3
3225,0
3226,0
3227,1
3228,3
3229,1
3230,3
3231,0
3232,6
3233,1
3234,3
3235,3
3236,6
3237,3
3238,3
3239,3
3240,3
3241,0
3242,3
3243,1
3244,3
3245,3
3246,1
3247,1
3248,3
3249,1
3250,0
3251,1
3252,0
3253,0
3254,3
3255,0
3256,3
3257,3
3258,3
3259,0
3260,3
3261,0
3262,3
3263,3
3264,3
3265,1
3266,3
3267,3
3268,3
3269,3
3270,3
3271,3
3272,0
3273,0
3274,0
3275,1
3276,1
3277,0
3278,0
3279,0
3280,0
3281,0
3282,1
3283,1
3284,3
3285,3
3286,0
3287,3
3288,3
3289,0
3290,0
3291,3
3292,3
3293,3
3294,0
3295,1
3296,1
3297,0
3298,1
3299,3
3300,3
3301,0
3302,3
3303,0
3304,3
3305,1
3306,3
3307,3
3308,3
3309,3
3310,3
3311,0
3312,0
3313,0
3314,0
3315,0
3316,0
3317,0
3318,3
3319,0
3320,0
3321,3
3322,3
3323,3
3324,0
3325,0
3326,3
3327,0
3328,1
3329,3
3330,0
3331,0
3332,0
3333,3
3334,3
3335,3
3336,3
3337,0
3338,0
3339,0
3340,0
3341,3
3342,0
3343,0
3344,0
3345,0
3346,0
3347,0
3348,0
3349,0
3350,3
3351,0
3352,3
3353,3
3354,3
3355,3
3356,3
3357,3
3358,0
3359,0
3360,0
3361,3
3362,0
3363,0
3364,3
3365,0
3366,0
3367,3
3368,3
3369,3
3370,0
3371,0
3372,3
3373,0
3374,0
3375,0
3376,0
3377,3
3378,0
3379,0
3380,3
3381,3
3382,0
3383,0
3384,3
3385,0
3386,0
3387,0
3388,0
3389,0
3390,0
3391,3
3392,0
3393,0
3394,3
3395,0
3396,0
3397,0
3398,0
3399,0
3400,0
3401,0
3402,0
3403,0
3404,0
3405,0
3406,0
3407,0
3408,3
3409,3
3410,0
3411,3
3412,0
3413,0
3414,3
3415,0
3416,0
3417,0
3418,0
3419,0
3420,0
3421,0
3422,3
3423,3
3424,3
3425,0
3426,0
3427,0
3428,0
3429,3
3430,0
3431,0
3432,0
3433,0
3434,3
3435,3
3436,0
3437,0
3438,3
3439,0
3440,3
3441,0
3442,0
3443,0
3444,0
3445,0
3446,0
3447,0
3448,0
3449,0
3450,0
3451,0
3452,0
3453,3
3454,0
3455,3
3456,3
3457,0
3458,0
3459,0
3460,0
3461,0
3462,0
3463,0
3464,0
3465,0
3466,3
3467,0
3468,0
3469,0
3470,0
3471,0
3472,0
3473,0
3474,0
3475,0
3476,0
3477,3
3478,3
3479,0
3480,3
3481,3
3482,0
3483,0
3484,0
3485,0
3486,0
3487,0
3488,3
3489,3
3490,0
3491,3
3492,0
3493,0
3494,0
3495,3
3496,3
3497,0
3498,0
3499,0
3500,0
3501,0
3502,0
3503,0
3504,0
3505,0
3506,0
3507,3
3508,0
3509,3
3510,0
3511,3
3512,0
3513,0
3514,0
3515,0
3516,0
3517,0
3518,0
3519,0
3520,0
3521,0
3522,0
3523,0
3524,0
3525,0
3526,0
3527,0
3528,0
3529,0
3530,3
3531,0
3532,0
3533,3
3534,0
3535,0
3536,0
3537,0
3538,0
3539,0
3540,0
3541,0
3542,0
3543,0
3544,3
3545,0
3546,3
3547,0
3548,0
3549,0
3550,0
3551,0
3552,3
3553,0
3554,0
3555,0
3556,0
3557,0
3558,3
3559,3
3560,3
3561,0
3562,3
3563,0
3564,0
3565,0
3566,0
3567,3
3568,6
3569,0
3570,0
3571,0
3572,0
3573,0
3574,0
3575,0
3576,0
3577,3
3578,0
3579,3
3580,3
3581,0
3582,3
3583,3
3584,3
3585,0
3586,0
3587,3
3588,3
3589,0
3590,0
3591,0
3592,0
3593,0
3594,3
3595,0
3596,3
3597,0
3598,0
3599,3
3600,3
3601,3
3602,0
3603,3
3604,3
3605,0
3606,0
3607,3
3608,0
3609,0
3610,0
3611,0
3612,3
3613,0
3614,0
3615,3
3616,3
3617,0
3618,0
3619,0
3620,3
3621,0
3622,0
3623,3
3624,0
3625,0
3626,0
3627,0
3628,0
3629,0
3630,0
3631,0
3632,0
3633,3
3634,0
3635,0
3636,3
3637,0
3638,3
3639,0
3640,0
3641,0
3642,0
3643,0
3644,3
3645,3
3646,0
3647,3
3648,0
3649,0
3650,0
3651,0
3652,0
3653,0
3654,0
3655,0
3656,0
3657,0
3658,0
3659,0
3660,0
3661,0
3662,0
3663,3
3664,0
3665,0
3666,0
3667,3
3668,0
3669,0
3670,0
3671,0
3672,0
3673,0
3674,0
3675,0
3676,0
3677,3
3678,0
3679,3
3680,3
3681,0
3682,3
3683,0
3684,0
3685,3
3686,0
3687,0
3688,0
3689,0
3690,3
3691,0
3692,0
3693,0
3694,0
3695,0
3696,0
3697,0
3698,0
3699,0
3700,0
3701,0
3702,0
3703,0
3704,0
3705,0
3706,0
3707,0
3708,0
3709,3
3710,0
3711,3
3712,0
3713,0
3714,0
3715,0
3716,0
3717,0
3718,3
3719,0
3720,0
3721,3
3722,3
3723,0
3724,0
3725,0
3726,0
3727,3
3728,3
3729,0
3730,0
3731,0
3732,3
3733,0
3734,3
3735,0
3736,0
3737,0
3738,0
3739,3
3740,3
3741,0
3742,0
3743,3
3744,0
3745,0
3746,0
3747,3
3748,0
3749,0
3750,0
3751,0
3752,3
3753,6
3754,0
3755,0
3756,0
3757,3
3758,3
3759,3
3760,0
3761,0
3762,3
3763,0
3764,0
3765,0
3766,0
3767,0
3768,3
3769,3
3770,0
3771,3
3772,3
3773,6
3774,0
3775,3
3776,0
3777,3
3778,0
3779,0
3780,3
3781,0
3782,0
3783,0
3784,0
3785,0
3786,0
3787,0
3788,0
3789,0
3790,0
3791,0
3792,0
3793,0
3794,0
3795,0
3796,0
3797,0
3798,0
3799,0
3800,0
3801,0
3802,0
3803,0
3804,6
3805,0
3806,3
3807,3
3808,3
3809,3
3810,3
3811,0
3812,0
3813,3
3814,3
3815,0
3816,3
3817,0
3818,0
3819,0
3820,0
3821,0
3822,0
3823,0
3824,0
3825,0
3826,0
3827,3
3828,0
3829,0
3830,0
3831,3
3832,0
3833,0
3834,0
3835,0
3836,0
3837,3
3838,0
3839,0
3840,0
3841,0
3842,0
3843,0
3844,0
3845,0
3846,0
3847,0
3848,0
3849,0
3850,0
3851,0
3852,0
3853,0
3854,0
3855,0
3856,3
3857,0
3858,0
3859,3
3860,0
3861,0
3862,3
3863,0
3864,0
3865,0
3866,0
3867,0
3868,6
3869,3
3870,0
3871,0
3872,0
3873,0
3874,0
3875,0
3876,0
3877,0
3878,3
3879,0
3880,3
3881,0
3882,3
3883,0
3884,0
3885,0
3886,0
3887,0
3888,0
3889,0
3890,0
3891,0
3892,0
3893,0
3894,0
3895,0
3896,3
3897,0
3898,3
3899,0
3900,3
3901,3
3902,3
3903,3
3904,0
3905,0
3906,0
3907,0
3908,0
3909,0
3910,0
3911,0
3912,0
3913,0
3914,0
3915,0
3916,0
3917,0
3918,3
3919,3
3920,0
3921,0
3922,6
3923,3
3924,0
3925,3
3926,0
3927,3
3928,0
3929,0
3930,0
3931,0
3932,0
3933,0
3934,0
3935,0
3936,0
3937,0
3938,0
3939,0
3940,0
3941,0
3942,0
3943,0
3944,0
3945,3
3946,0
3947,0
3948,0
3949,0
3950,0
3951,0
3952,0
3953,0
3954,0
3955,0
3956,0
3957,0
3958,0
3959,0
3960,0
3961,0
3962,0
3963,0
3964,0
3965,0
3966,0
3967,0
3968,0
3969,0
3970,0
3971,0
3972,0
3973,0
3974,0
3975,0
3976,0
3977,0
3978,0
3979,0
3980,0
3981,0
3982,0
3983,0
3984,0
3985,0
3986,0
3987,0
3988,0
3989,0
3990,0
3991,0
3992,0
3993,0
3994,0
3995,0
3996,0
3997,0
3998,0
3999,0
4000,0
4001,0
4002,0
4003,0
4004,0
4005,0
4006,0
4007,0
4008,0
4009,0
4010,0
4011,0
4012,0
4013,0
4014,0
4015,0
4016,3
4017,0
4018,0
4019,0
4020,0
4021,0
4022,0
4023,0
4024,0
4025,0
4026,0
4027,0
4028,3
4029,0
4030,0
4031,0
4032,0
4033,0
4034,0
4035,0
4036,0
4037,0
4038,0
4039,0
4040,0
4041,0
4042,0
4043,0
4044,0
4045,3
4046,0
4047,0
4048,0
4049,0
4050,0
4051,0
4052,0
4053,0
4054,0
4055,0
4056,0
4057,0
4058,0
4059,0
4060,0
4061,0
4062,0
4063,0
4064,0
4065,3
4066,0
4067,0
4068,3
4069,3
4070,0
4071,3
4072,3
4073,3
4074,3
4075,0
4076,3
4077,0
4078,0
4079,0
4080,0
4081,0
4082,0
4083,0
4084,0
4085,0
4086,0
4087,0
4088,0
4089,0
4090,0
4091,0
4092,0
4093,0
4094,0
4095,0
4096,0
4097,0
4098,0
4099,0
4100,0
4101,0
4102,0
4103,0
4104,0
4105,0
4106,0
4107,0
4108,0
4109,0
4110,0
4111,0
4112,0
4113,0
4114,0
4115,0
4116,0
4117,0
4118,0
4119,3
4120,3
4121,0
4122,0
4123,0
4124,0
4125,0
4126,0
4127,0
4128,0
4129,0
4130,0
4131,0
4132,0
4133,0
4134,0
4135,0
4136,0
4137,0
4138,0
4139,0
4140,0
4141,0
4142,0
4143,0
4144,0
4145,0
4146,0
4147,0
4148,0
4149,0
4150,0
4151,0
4152,2
4153,0
4154,0
4155,0
4156,0
4157,0
4158,0
4159,0
4160,0
4161,0
4162,0
4163,0
4164,0
4165,0
4166,0
4167,0
4168,0
4169,0
4170,0
4171,6
4172,0
4173,0
4174,0
4175,0
4176,0
4177,0
4178,0
4179,0
4180,0
4181,0
4182,0
4183,0
4184,0
4185,0
4186,0
4187,0
4188,0
4189,0
4190,0
4191,0
4192,0
4193,0
4194,0
4195,0
4196,0
4197,0
4198,0
4199,0
4200,0
4201,0
4202,0
4203,0
4204,0
4205,0
4206,0
4207,0
4208,0
4209,3
4210,0
4211,3
4212,0
4213,0
4214,0
4215,0
4216,0
4217,0
4218,0
4219,3
4220,3
4221,0
4222,0
4223,0
4224,0
4225,0
4226,0
4227,0
4228,0
4229,0
4230,3
4231,0
4232,0
4233,0
4234,0
4235,0
4236,0
4237,0
4238,0
4239,0
4240,0
4241,0
4242,0
4243,0
4244,0
4245,0
4246,0
4247,6
4248,0
4249,0
4250,0
4251,0
4252,3
4253,0
4254,0
4255,0
4256,0
4257,0
4258,0
4259,0
4260,0
4261,0
4262,0
4263,0
4264,0
4265,0
4266,0
4267,0
4268,2
4269,0
4270,0
4271,0
4272,0
4273,0
4274,0
4275,0
4276,0
4277,0
4278,0
4279,0
4280,0
4281,0
4282,0
4283,0
4284,0
4285,0
4286,0
4287,0
4288,0
4289,0
4290,0
4291,0
4292,0
4293,0
4294,0
4295,0
4296,0
4297,0
4298,0
4299,0
4300,0
4301,0
4302,3
4303,0
4304,2
4305,0
4306,0
4307,0
4308,0
4309,0
4310,0
4311,0
4312,0
4313,0
4314,0
4315,0
4316,0
4317,0
4318,0
4319,0
4320,0
4321,0
4322,0
4323,0
4324,0
4325,0
4326,0
4327,0
4328,0
4329,0
4330,0
4331,6
4332,0
4333,0
4334,0
4335,0
4336,0
4337,0
4338,0
4339,0
4340,0
4341,0
4342,0
4343,0
4344,0
4345,0
4346,0
4347,6
4348,6
4349,0
4350,0
4351,0
4352,0
4353,0
4354,0
4355,2
4356,6
4357,6
4358,0
4359,0
4360,3
4361,0
4362,0
4363,0
4364,3
4365,2
4366,0
4367,0
4368,0
4369,3
4370,0
4371,0
4372,0
4373,0
4374,3
4375,0
4376,0
4377,0
4378,0
4379,0
4380,0
4381,0
4382,2
4383,0
4384,0
4385,0
4386,0
4387,0
4388,0
4389,0
4390,0
4391,0
4392,0
4393,0
4394,0
4395,0
4396,0
4397,0
4398,6
4399,0
4400,0
4401,0
4402,0
4403,0
4404,0
4405,0
4406,0
4407,0
4408,6
4409,0
4410,0
4411,0
4412,0
4413,2
4414,0
4415,0
4416,0
4417,0
4418,0
4419,2
4420,0
4421,0
4422,6
4423,0
4424,0
4425,0
4426,0
4427,0
4428,2
4429,0
4430,0
4431,0
4432,0
4433,0
4434,0
4435,0
4436,0
4437,0
4438,0
4439,0
4440,0
4441,0
4442,0
4443,0
4444,0
4445,0
4446,0
4447,0
4448,0
4449,0
4450,0
4451,0
4452,2
4453,2
4454,0
4455,3
4456,0
4457,0
4458,0
4459,2
4460,0
4461,0
4462,0
4463,2
4464,0
4465,0
4466,0
4467,0
4468,0
4469,0
4470,0
4471,0
4472,0
4473,0
4474,0
4475,0
4476,0
4477,0
4478,6
4479,0
4480,6
4481,0
4482,0
4483,3
4484,0
4485,6
4486,0
4487,2
4488,3
4489,3
4490,2
4491,0
4492,0
4493,3
4494,2
4495,0
4496,0
4497,0
4498,6
4499,0
4500,2
4501,0
4502,0
4503,0
4504,2
4505,0
4506,2
4507,0
4508,0
4509,0
4510,2
4511,6
4512,2
4513,2
4514,2
4515,2
4516,2
4517,2
4518,0
4519,0
4520,2
4521,6
4522,2
4523,0
4524,2
4525,0
4526,0
4527,0
4528,0
4529,2
4530,2
4531,2
4532,0
4533,2
4534,2
4535,2
4536,0
4537,2
4538,2
4539,2
4540,2
4541,2
4542,2
4543,2
4544,0
4545,3
4546,2
4547,2
4548,2
4549,2
4550,2
4551,2
4552,2
4553,2
4554,2
4555,2
4556,2
4557,2
4558,3
4559,2
4560,2
4561,2
4562,2
4563,2
4564,3
4565,3
4566,2
4567,2
4568,2
4569,2
4570,2
4571,2
4572,2
4573,2
4574,2
4575,2
4576,2
4577,3
4578,2
4579,2
4580,2
4581,2
4582,2
4583,2
4584,2
4585,2
4586,6
4587,2
4588,2
4589,2
4590,0
4591,2
4592,2
4593,2
4594,2
4595,2
4596,2
4597,6
4598,2
4599,2
4600,2
4601,2
4602,2
4603,2
4604,6
4605,2
4606,6
4607,2
4608,2
4609,2
4610,2
4611,2
4612,3
4613,2
4614,2
4615,2
4616,2
4617,2
4618,2
4619,2
4620,2
4621,2
4622,2
4623,2
4624,2
4625,2
4626,2
4627,2
4628,2
4629,2
4630,2
4631,2
4632,2
4633,2
4634,2
4635,2
4636,2
4637,2
4638,2
4639,2
4640,2
4641,2
4642,2
4643,2
4644,2
4645,2
4646,2
4647,2
4648,6
4649,2
4650,2
4651,2
4652,2
4653,2
4654,2
4655,2
4656,2
4657,2
4658,2
4659,2
4660,2
4661,2
4662,2
4663,2
4664,2
4665,2
4666,2
4667,2
4668,2
4669,2
4670,2
4671,2
4672,2
4673,2
4674,2
4675,2
4676,2
4677,2
4678,2
4679,2
4680,2
4681,2
4682,2
4683,6
4684,2
4685,2
4686,2
4687,2
4688,2
4689,2
4690,2
4691,2
4692,2
4693,2
4694,2
4695,2
4696,2
4697,2
4698,2
4699,2
4700,2
4701,2
4702,2
4703,2
4704,2
4705,2
4706,2
4707,2
4708,2
4709,6
4710,6
4711,2
4712,2
4713,2
4714,2
4715,2
4716,2
4717,2
4718,2
4719,2
4720,2
4721,2
4722,2
4723,2
4724,2
4725,2
4726,2
4727,2
4728,2
4729,2
4730,2
4731,2
4732,2
4733,2
4734,2
4735,2
4736,2
4737,2
4738,6
4739,2
4740,2
4741,2
4742,2
4743,2
4744,2
4745,0
4746,2
4747,2
4748,2
4749,2
4750,2
4751,2
4752,2
4753,2
4754,2
4755,2
4756,2
4757,2
4758,2
4759,2
4760,2
4761,2
4762,6
4763,6
4764,2
4765,2
4766,2
4767,2
4768,0
4769,2
4770,2
4771,2
4772,2
4773,2
4774,2
4775,2
4776,2
4777,2
4778,6
4779,2
4780,2
4781,2
4782,2
4783,2
4784,2
4785,2
4786,2
4787,2
4788,2
4789,2
4790,2
4791,2
4792,2
4793,2
4794,2
4795,2
4796,6
4797,2
4798,2
4799,2
4800,2
4801,2
4802,2
4803,3
4804,2
4805,2
4806,2
4807,2
4808,2
4809,2
4810,2
4811,2
4812,2
4813,2
4814,2
4815,2
4816,2
4817,2
4818,2
4819,2
4820,2
4821,2
4822,2
4823,2
4824,2
4825,2
4826,2
4827,2
4828,2
4829,2
4830,2
4831,6
4832,2
4833,2
4834,2
4835,2
4836,2
4837,2
4838,2
4839,2
4840,2
4841,2
4842,2
4843,2
4844,2
4845,2
4846,2
4847,2
4848,2
4849,2
4850,2
4851,2
4852,2
4853,2
4854,2
4855,2
4856,2
4857,2
4858,2
4859,2
4860,2
4861,2
4862,2
4863,2
4864,2
4865,2
4866,2
4867,2
4868,2
4869,2
4870,2
4871,2
4872,2
4873,2
4874,2
4875,2
4876,2
4877,2
4878,2
4879,2
4880,2
4881,2
4882,2
4883,2
4884,2
4885,2
4886,2
4887,2
4888,2
4889,2
4890,2
4891,2
4892,2
4893,2
4894,2
4895,2
4896,2
4897,2
4898,2
4899,2
4900,2
4901,2
4902,2
4903,2
4904,2
4905,2
4906,2
4907,2
4908,2
4909,2
4910,2
4911,2
4912,2
4913,2
4914,2
4915,2
4916,2
4917,2
4918,2
4919,2
4920,2
4921,2
4922,2
4923,2
4924,2
4925,2
4926,2
4927,2
4928,2
4929,2
4930,2
4931,2
4932,2
4933,2
4934,2
4935,2
4936,2
4937,2
4938,2
4939,2
4940,2
4941,2
4942,2
4943,2
4944,2
4945,2
4946,2
4947,2
4948,2
4949,2
4950,2
4951,2
4952,2
4953,2
4954,2
4955,2
4956,2
4957,2
4958,2
4959,2
4960,2
4961,2
4962,2
4963,2
4964,2
4965,2
4966,2
4967,2
4968,2
4969,2
4970,2
4971,2
4972,2
4973,2
4974,2
4975,2
4976,2
4977,2
4978,2
4979,2
4980,2
4981,2
4982,2
4983,2
4984,2
4985,2
4986,2
4987,2
4988,2
4989,2
4990,2
4991,2
4992,2
4993,2
4994,2
4995,2
4996,2
